,GP,GS,MIN,FG,FG%,3PT,3P%,FT,FT%,OR,DR,REB,AST,BLK,STL,PF,TO,PTS
Jaylen Brown,279,172,26.3,4.9-10.4,46.8,1.4-3.8,37.1,1.9-2.9,67.8,0.9,3.6,4.5,1.4,0.3,0.9,2.4,1.5,13.1
Carsen Edwards,37,0,9.5,1.1-3.5,32.8,0.6-2.1,31.6,0.4-0.5,68.4,0.2,1.1,1.3,0.6,0.1,0.3,0.9,0.4,3.3
Tacko Fall,7,0,4.7,1.6-2.0,78.6,0.0-0.0,0.0,0.1-0.4,33.3,0.1,2.0,2.1,0.1,0.6,0.1,1.0,0.4,3.3
Javonte Green,48,2,9.8,1.3-2.6,50.0,0.2-0.7,27.3,0.6-0.9,66.7,0.5,1.4,1.9,0.5,0.2,0.5,0.9,0.5,3.4
Amile Jefferson,30,0,4.7,0.5-1.0,50.0,0.0-0.0,0.0,0.4-0.7,54.5,0.5,0.9,1.5,0.2,0.2,0.1,0.5,0.1,1.4
Romeo Langford,32,2,11.6,0.9-2.5,35.0,0.2-0.8,18.5,0.6-0.8,72.0,0.5,0.8,1.3,0.4,0.3,0.3,1.0,0.3,2.5
Semi Ojeleye,198,9,13.9,1.1-2.7,39.1,0.6-1.7,34.0,0.4-0.6,68.8,0.4,1.5,2.0,0.4,0.1,0.3,1.1,0.3,3.1
Marcus Smart,401,183,28.9,3.3-8.8,37.3,1.5-4.6,31.8,1.9-2.4,77.5,0.9,2.7,3.6,4.1,0.4,1.6,2.6,1.7,9.9
Jayson Tatum,225,225,31.8,6.3-13.8,45.7,1.8-4.5,40.1,2.9-3.6,82.9,0.8,5.1,6.0,2.2,0.8,1.2,2.1,1.7,17.3
Jeff Teague,771,593,27.5,4.4-10.0,44.5,0.9-2.4,35.6,2.8-3.3,84.4,0.3,2.1,2.5,5.8,0.3,1.2,1.9,2.3,12.6
Daniel Theis,194,69,17.6,2.6-4.8,55.5,0.4-1.1,34.4,1.1-1.4,75.3,1.6,3.1,4.8,1.2,0.9,0.5,2.8,0.7,6.7
Tristan Thompson,619,429,28.1,3.8-7.3,51.8,0.0-0.1,28.1,1.8-3.0,61.0,3.4,5.3,8.7,1.0,0.7,0.5,2.3,1.2,9.4
Kemba Walker,661,616,33.8,6.9-16.4,41.9,2.2-6.1,36.0,3.9-4.7,83.7,0.6,3.3,3.8,5.4,0.4,1.3,1.5,2.2,19.9
Tremont Waters,11,1,10.8,1.3-4.5,28.6,0.4-2.2,16.7,0.7-0.7,100.0,0.0,1.1,1.1,1.5,0.2,0.9,1.2,1.4,3.6
Grant Williams,69,5,15.1,1.3-3.1,41.2,0.3-1.4,25.0,0.6-0.8,72.2,0.9,1.7,2.6,1.0,0.5,0.4,2.4,0.7,3.4
Robert Williams III,61,3,11.0,1.6-2.3,71.9,0.0-0.0,0.0,0.5-0.8,63.3,1.1,2.3,3.4,0.6,1.2,0.5,1.4,0.5,3.8
Jarrett Allen,222,175,24.3,3.9-6.4,60.9,0.0-0.3,16.7,2.2-3.1,69.4,2.5,5.3,7.8,1.2,1.4,0.5,2.2,1.2,10.1
Bruce Brown,132,99,23.4,2.4-5.8,42.4,0.4-1.4,30.2,1.0-1.4,74.3,0.8,2.7,3.5,2.4,0.5,0.8,2.6,1.1,6.3
Chris Chiozza,35,2,12.4,1.6-4.2,38.5,0.8-2.2,37.7,0.1-0.1,100.0,0.3,1.3,1.6,2.5,0.1,0.6,1.1,0.9,4.2
Nicolas Claxton,15,0,12.5,1.8-3.2,56.3,0.1-0.5,14.3,0.7-1.4,52.4,1.3,1.7,2.9,1.1,0.5,0.1,0.9,0.6,4.4
Spencer Dinwiddie,317,130,25.7,4.2-10.1,41.0,1.4-4.4,31.8,3.2-4.1,79.3,0.4,2.3,2.8,5.0,0.3,0.7,2.4,1.8,12.9
Kevin Durant,849,849,36.9,9.2-18.7,49.3,1.8-4.9,38.1,6.8-7.7,88.3,0.7,6.3,7.1,4.1,1.1,1.1,1.9,3.1,27.0
Jeff Green,908,545,29.5,4.7-10.7,44.2,1.0-3.1,33.4,2.5-3.1,80.5,0.9,3.5,4.4,1.6,0.5,0.7,2.2,1.5,13.0
Joe Harris,331,171,24.3,3.8-8.0,47.9,1.9-4.4,42.6,0.9-1.2,77.9,0.6,2.6,3.1,1.6,0.2,0.5,2.0,1.2,10.4
Kyrie Irving,528,528,33.8,8.2-17.7,46.6,2.1-5.4,39.0,3.8-4.4,87.7,0.8,2.9,3.7,5.7,0.4,1.3,2.2,2.6,22.4
Tyler Johnson,309,75,25.7,3.8-8.8,42.9,1.2-3.5,35.9,1.7-2.2,77.6,0.6,2.6,3.2,2.5,0.4,0.9,1.9,1.1,10.5
DeAndre Jordan,875,713,27.8,3.8-5.7,66.9,0.0-0.0,9.1,1.9-3.9,47.4,3.2,7.6,10.8,0.9,1.6,0.6,2.6,1.4,9.5
Rodions Kurucs,110,55,18.0,2.6-5.7,44.9,0.8-2.5,33.2,0.9-1.2,73.8,0.7,2.7,3.5,0.9,0.3,0.6,2.1,1.1,6.8
Caris LeVert,213,92,25.8,4.7-10.9,43.3,1.3-3.8,33.9,2.0-2.8,70.8,0.8,2.9,3.7,3.6,0.3,1.1,1.9,1.9,12.7
Timothe Luwawu-Cabarrot,218,35,16.1,2.0-5.1,39.8,0.9-2.7,33.8,1.2-1.4,82.8,0.4,1.7,2.0,0.8,0.1,0.4,2.0,0.8,6.1
Jeremiah Martin,9,0,11.0,2.7-5.9,45.3,0.6-2.0,27.8,1.2-1.6,78.6,0.1,1.0,1.1,2.0,0.2,0.8,0.8,0.4,7.1
Taurean Prince,260,200,26.4,4.1-10.0,41.2,1.8-5.0,36.6,1.5-1.8,81.8,0.6,3.8,4.3,1.9,0.4,0.9,2.2,1.8,11.6
Landry Shamet,132,57,24.7,3.0-7.2,42.0,2.1-5.2,40.2,1.1-1.3,82.8,0.2,1.6,1.8,1.6,0.2,0.4,2.3,0.7,9.2
RJ Barrett,56,55,30.4,5.2-13.0,40.2,1.1-3.5,32.0,2.8-4.5,61.4,0.9,4.1,5.0,2.6,0.3,1.0,2.2,2.2,14.3
Ignas Brazdeikis,9,0,5.9,0.7-2.4,27.3,0.1-1.0,11.1,0.4-0.6,80.0,0.2,0.3,0.6,0.4,0.1,0.0,0.3,0.2,1.9
Reggie Bullock,301,138,19.7,2.5-5.9,43.0,1.3-3.4,38.5,0.5-0.6,82.6,0.3,1.8,2.1,1.1,0.1,0.5,1.1,0.6,6.9
Alec Burks,495,86,21.8,3.5-8.3,42.2,0.8-2.3,36.4,2.4-3.1,79.1,0.6,2.6,3.2,1.9,0.2,0.7,1.8,1.3,10.3
Jacob Evans,59,2,10.5,1.1-3.2,33.7,0.3-0.9,31.5,0.4-0.5,83.3,0.3,0.9,1.1,0.9,0.3,0.3,1.2,0.6,2.8
Taj Gibson,799,440,25.2,4.0-7.7,51.5,0.0-0.1,22.0,1.6-2.2,70.9,2.3,3.9,6.3,1.0,1.0,0.6,2.5,1.2,9.5
Jared Harper,3,0,2.7,0.3-1.3,25.0,0.0-0.7,0.0,0.0-0.0,0.0,0.0,0.0,0.0,0.0,0.0,0.0,0.0,0.0,0.7
Kevin Knox II,140,61,23.7,3.4-9.4,36.7,1.4-4.0,33.7,1.6-2.3,69.7,0.6,3.1,3.7,1.0,0.4,0.5,2.0,1.1,9.9
Nerlens Noel,361,167,22.1,3.3-6.1,54.3,0.0-0.0,28.6,1.4-2.2,64.8,1.9,4.3,6.2,1.2,1.4,1.3,2.5,1.4,8.0
Frank Ntilikina,178,51,21.3,2.3-6.3,36.6,0.7-2.3,31.1,0.7-0.9,78.3,0.4,1.8,2.2,3.1,0.3,0.8,2.4,1.4,6.0
Elfrid Payton,387,331,29.3,4.5-10.0,45.2,0.4-1.4,28.9,1.5-2.4,62.5,1.1,3.3,4.4,6.6,0.4,1.3,2.2,2.4,11.0
Theo Pinson,51,0,11.3,1.4-4.5,30.7,0.5-2.5,21.4,0.7-0.7,89.5,0.3,1.5,1.8,1.5,0.1,0.5,1.0,1.0,3.9
Julius Randle,375,295,29.2,6.1-12.3,49.3,0.4-1.5,29.5,3.5-4.8,72.4,2.2,6.8,9.0,2.8,0.5,0.7,3.2,2.5,16.1
Austin Rivers,552,149,24.5,3.4-8.1,41.8,1.1-3.2,34.8,1.3-2.0,64.4,0.3,1.8,2.1,2.3,0.2,0.7,2.2,1.1,9.2
Mitchell Robinson,127,26,21.8,3.6-5.0,72.0,0.0-0.0,0.0,1.3-2.2,58.3,2.9,3.8,6.7,0.6,2.2,0.8,3.2,0.6,8.5
Dennis Smith Jr.,156,122,26.2,4.8-12.1,40.0,1.2-3.9,31.4,1.7-2.6,64.7,0.7,2.5,3.2,4.5,0.3,1.1,2.2,2.6,12.5
Omari Spellman,95,14,17.8,2.4-5.7,41.7,0.9-2.5,36.6,1.1-1.4,76.6,1.6,2.8,4.3,1.0,0.5,0.6,1.4,0.9,6.8
Justin Anderson,226,24,13.1,1.8-4.5,41.4,0.6-2.2,29.6,0.9-1.2,77.4,0.6,1.9,2.5,0.7,0.3,0.4,1.2,0.6,5.2
Tony Bradley,70,3,10.4,2.0-3.1,63.4,0.0-0.1,75.0,0.5-0.7,66.0,1.8,2.4,4.2,0.4,0.5,0.2,1.7,0.5,4.4
Ryan Broekhoff,59,1,10.7,1.3-3.1,42.7,1.0-2.4,40.3,0.4-0.5,81.5,0.2,1.6,1.8,0.6,0.1,0.2,0.8,0.4,4.0
Seth Curry,256,78,22.3,3.7-7.7,47.5,1.7-3.9,44.3,1.0-1.2,83.8,0.3,1.6,2.0,1.7,0.1,0.7,1.5,1.0,10.1
Joel Embiid,209,209,30.4,8.0-16.7,48.0,1.1-3.6,31.9,6.8-8.6,79.3,2.4,9.1,11.5,3.1,1.8,0.8,3.4,3.5,23.9
Terrance Ferguson,191,124,20.7,1.7-4.3,40.6,1.0-3.0,33.7,0.3-0.4,75.3,0.4,1.0,1.4,0.7,0.2,0.5,2.5,0.5,4.8
Danny Green,688,612,25.4,3.2-7.5,42.4,1.9-4.7,40.0,0.7-0.9,80.7,0.6,2.9,3.5,1.6,0.8,1.0,1.8,1.0,8.9
Tobias Harris,618,498,30.8,6.1-12.9,47.1,1.3-3.6,36.5,2.5-3.1,82.0,1.0,5.1,6.1,2.0,0.5,0.7,2.0,1.4,15.9
Dwight Howard,1113,1045,33.5,6.1-10.3,58.6,0.0-0.1,13.2,4.6-8.2,56.5,3.5,8.8,12.3,1.4,1.9,0.9,3.2,2.8,16.7
Furkan Korkmaz,134,19,17.3,2.6-6.2,41.6,1.5-3.9,37.7,0.9-1.1,76.7,0.3,1.9,2.1,1.0,0.1,0.5,1.3,0.6,7.5
Shake Milton,60,24,17.9,2.8-6.1,46.2,1.2-3.0,40.2,0.9-1.2,77.8,0.4,1.7,2.1,2.0,0.3,0.5,2.0,0.9,7.7
Kyle O'Quinn,472,65,14.2,2.3-4.4,51.7,0.1-0.3,21.8,0.8-1.1,74.0,1.3,3.3,4.6,1.4,1.0,0.4,2.0,1.0,5.4
Vincent Poirier,22,0,5.9,0.8-1.6,47.2,0.0-0.1,50.0,0.3-0.3,85.7,0.6,1.4,2.0,0.4,0.4,0.1,1.1,0.4,1.9
Justin Robinson,9,0,5.4,0.6-1.3,41.7,0.3-0.6,60.0,0.0-0.0,0.0,0.1,0.4,0.6,0.8,0.1,0.0,0.2,0.3,1.4
Mike Scott,504,22,16.5,2.7-5.9,45.9,0.9-2.4,36.4,0.7-1.0,75.9,0.7,2.5,3.2,0.9,0.1,0.3,1.5,0.7,7.0
Ben Simmons,217,217,34.3,6.7-12.0,56.0,0.0-0.1,8.3,2.9-4.9,59.3,2.0,6.3,8.3,8.0,0.8,1.7,2.8,3.5,16.4
Matisse Thybulle,65,14,19.8,1.7-4.1,42.3,0.9-2.4,35.7,0.4-0.6,61.0,0.7,1.0,1.6,1.2,0.7,1.4,2.2,0.8,4.7
Derrick Walton Jr.,42,1,9.4,0.6-1.5,40.6,0.4-1.0,41.5,0.3-0.4,86.7,0.1,0.7,0.8,1.0,0.1,0.3,0.7,0.2,2.0
OG Anunoby,210,136,23.3,3.0-6.3,48.0,1.1-3.0,36.5,0.7-1.1,65.0,0.9,2.7,3.5,1.0,0.4,0.9,2.1,0.9,7.8
Aron Baynes,469,137,15.8,2.4-4.8,49.5,0.2-0.5,32.7,1.0-1.3,80.0,1.5,3.0,4.5,0.8,0.5,0.2,2.2,0.9,6.0
DeAndre' Bembry,189,23,19.4,2.5-5.7,44.8,0.4-1.5,26.9,0.7-1.2,59.2,0.6,2.8,3.4,1.9,0.4,1.0,1.8,1.4,6.2
Chris Boucher,91,0,10.8,1.9-4.1,46.5,0.5-1.7,32.1,1.1-1.4,79.4,1.4,2.3,3.7,0.3,0.9,0.3,1.6,0.4,5.5
Oshae Brissett,19,0,7.1,0.7-1.9,36.1,0.2-0.8,20.0,0.4-0.5,80.0,0.5,0.9,1.4,0.4,0.1,0.2,0.9,0.4,1.9
Terence Davis II,72,4,16.8,2.8-6.1,45.6,1.3-3.4,38.8,0.7-0.8,86.4,0.7,2.6,3.3,1.6,0.2,0.5,1.7,1.1,7.5
Henry Ellenson,81,2,9.2,1.4-3.9,37.2,0.6-1.7,34.6,0.6-0.8,77.4,0.3,2.1,2.4,0.5,0.0,0.2,0.7,0.5,4.0
Alize Johnson,31,1,5.9,0.5-1.5,35.6,0.1-0.3,40.0,0.4-0.6,61.1,0.6,1.5,2.2,0.3,0.2,0.1,0.6,0.2,1.5
Stanley Johnson,310,64,20.4,2.4-6.5,37.4,0.8-2.7,29.3,0.9-1.2,75.5,0.5,2.7,3.2,1.4,0.2,0.9,1.9,1.2,6.6
Alex Len,467,183,19.6,3.0-6.1,49.5,0.2-0.6,33.3,1.7-2.4,69.0,2.0,4.2,6.3,0.8,1.0,0.4,2.7,1.2,8.0
Kyle Lowry,914,678,31.6,4.7-11.2,42.3,1.9-5.1,36.6,3.5-4.3,80.9,0.8,3.5,4.3,6.2,0.3,1.4,2.7,2.3,14.7
Patrick McCaw,194,43,17.2,1.5-3.6,41.9,0.5-1.6,30.5,0.4-0.5,77.9,0.3,1.3,1.6,1.4,0.2,0.7,1.2,0.6,3.9
Norman Powell,307,89,18.8,3.1-6.9,45.7,1.0-2.9,36.1,1.3-1.6,81.8,0.3,2.1,2.4,1.3,0.2,0.7,1.6,1.0,8.6
Pascal Siakam,276,182,26.1,5.0-10.0,50.0,0.9-2.6,33.4,2.0-2.6,76.4,1.2,4.4,5.6,2.3,0.7,0.8,2.5,1.5,12.8
Matt Thomas,41,1,10.7,1.8-3.7,48.7,1.1-2.4,47.5,0.2-0.3,75.0,0.2,1.3,1.5,0.5,0.0,0.2,0.9,0.4,4.9
Fred VanVleet,231,82,23.8,3.6-8.8,41.2,1.6-4.2,39.3,1.6-1.9,84.2,0.3,2.3,2.6,4.1,0.3,1.0,1.8,1.3,10.5
Yuta Watanabe,33,0,8.5,0.9-2.6,35.3,0.2-0.7,20.8,0.3-0.5,55.6,0.3,1.2,1.5,0.4,0.1,0.3,0.6,0.2,2.3
Paul Watson,10,0,8.7,1.0-2.6,38.5,0.4-1.2,33.3,0.7-0.9,77.8,0.2,1.5,1.7,0.8,0.1,0.4,0.5,0.3,3.1
Ryan Arcidiacono,163,36,19.6,1.8-4.2,43.3,0.9-2.4,37.3,0.7-0.9,82.9,0.3,1.9,2.2,2.5,0.0,0.6,1.7,0.7,5.2
Wendell Carter Jr.,87,87,27.2,4.2-8.2,50.8,0.1-0.7,19.7,2.3-3.0,76.1,2.6,5.6,8.2,1.5,1.1,0.7,3.6,1.6,10.8
Cristiano Felicio,234,20,14.8,1.8-3.2,57.2,0.0-0.1,0.0,0.9-1.3,67.9,1.6,2.5,4.1,0.7,0.2,0.3,1.5,0.6,4.5
Daniel Gafford,43,7,14.2,2.2-3.1,70.1,0.0-0.0,0.0,0.7-1.4,53.3,1.2,1.3,2.5,0.5,1.3,0.3,2.3,0.7,5.1
Chandler Hutchison,72,24,19.8,2.4-5.3,45.8,0.4-1.2,29.5,1.0-1.6,59.5,0.7,3.4,4.1,0.8,0.2,0.7,1.5,0.7,6.2
Luke Kornet,102,33,16.4,2.3-5.8,40.0,1.3-3.7,33.9,0.6-0.8,77.6,0.6,2.2,2.8,1.1,0.8,0.4,1.2,0.5,6.6
Zach LaVine,353,266,30.8,6.4-14.3,44.7,1.8-4.9,37.5,3.1-3.8,81.9,0.5,3.2,3.6,3.6,0.3,1.0,2.2,2.5,17.7
Lauri Markkanen,170,169,30.6,5.7-13.2,43.0,2.2-6.2,35.6,2.6-3.0,84.8,1.3,6.3,7.6,1.3,0.6,0.7,1.9,1.5,16.1
Adam Mokoka,11,0,10.2,1.1-2.5,42.9,0.5-1.4,40.0,0.2-0.4,50.0,0.6,0.3,0.9,0.4,0.0,0.4,1.5,0.2,2.9
Zach Norvell Jr.,5,0,8.2,0.6-2.4,25.0,0.6-1.6,37.5,0.2-0.2,100.0,0.0,1.2,1.2,0.6,0.0,0.4,0.8,0.6,2.0
Otto Porter Jr.,413,295,26.8,4.3-8.9,48.2,1.3-3.3,40.4,1.1-1.4,78.9,1.2,3.8,4.9,1.5,0.4,1.2,1.9,0.8,11.0
Tomas Satoransky,275,151,23.3,2.7-5.9,46.9,0.7-1.8,36.9,1.2-1.5,81.7,0.9,2.2,3.1,4.1,0.1,0.9,1.8,1.3,7.4
Garrett Temple,576,246,21.1,2.3-5.6,40.3,1.0-2.8,34.7,0.9-1.2,73.9,0.4,1.9,2.3,1.7,0.3,0.8,1.9,0.9,6.4
Denzel Valentine,170,42,20.9,2.9-7.3,40.1,1.5-4.2,36.6,0.3-0.5,75.3,0.4,3.2,3.6,2.1,0.1,0.7,1.9,1.0,7.8
Noah Vonleh,335,171,16.9,1.9-4.1,46.0,0.3-0.9,31.0,0.9-1.2,69.1,1.4,3.8,5.2,0.8,0.4,0.4,1.8,0.8,5.0
Coby White,65,1,25.8,4.8-12.2,39.4,2.0-5.8,35.4,1.6-2.0,79.1,0.4,3.1,3.5,2.7,0.1,0.8,1.8,1.7,13.2
Thaddeus Young,965,687,30.3,5.7-11.4,49.8,0.5-1.5,33.3,1.3-2.0,67.0,2.0,3.9,5.9,1.7,0.4,1.5,2.2,1.4,13.2
Marques Bolden,1,0,3.0,0.0-0.0,0.0,0.0-0.0,0.0,0.0-0.0,0.0,0.0,2.0,2.0,0.0,0.0,1.0,1.0,0.0,0.0
Matthew Dellavedova,434,92,20.4,2.0-5.1,38.9,0.9-2.5,36.8,0.7-0.8,83.8,0.4,1.4,1.8,3.7,0.0,0.5,1.9,1.3,5.6
Damyean Dotson,165,42,20.1,2.9-7.0,42.0,1.3-3.5,36.1,0.7-0.9,72.1,0.3,2.3,2.6,1.4,0.1,0.6,1.3,0.7,7.8
Andre Drummond,599,548,31.0,6.1-11.3,54.2,0.0-0.2,14.6,2.2-4.8,46.1,4.8,9.1,13.8,1.3,1.6,1.4,3.2,2.0,14.5
Dante Exum,239,69,18.5,2.1-5.1,40.7,0.7-2.2,30.8,0.8-1.1,76.6,0.4,1.4,1.8,2.1,0.2,0.4,1.8,1.3,5.7
Darius Garland,59,59,30.9,4.7-11.8,40.1,1.8-5.0,35.5,1.1-1.2,87.5,0.5,1.4,1.9,3.9,0.1,0.7,1.6,2.6,12.3
Kevin Love,713,630,32.0,6.0-13.6,44.2,1.7-4.6,37.0,4.5-5.4,82.8,2.8,8.4,11.1,2.4,0.5,0.7,2.1,2.0,18.2
Thon Maker,255,65,13.9,1.6-3.8,43.3,0.5-1.5,32.9,0.9-1.3,67.3,0.8,2.0,2.8,0.6,0.7,0.4,1.8,0.5,4.7
JaVale McGee,701,317,17.3,3.4-5.9,57.5,0.0-0.0,15.2,1.1-1.9,59.2,1.9,3.3,5.1,0.4,1.5,0.4,2.2,1.0,7.9
Matt Mooney,4,0,4.8,0.3-1.0,25.0,0.0-0.5,0.0,0.0-0.0,0.0,0.0,0.8,0.8,0.3,0.3,0.5,0.3,0.0,0.5
Larry Nance Jr.,315,95,23.5,3.4-6.3,53.7,0.3-1.0,32.4,1.0-1.5,69.5,2.1,4.6,6.6,1.8,0.5,1.2,2.3,1.0,8.1
Cedi Osman,202,152,24.9,3.5-8.1,43.7,1.4-3.9,36.4,1.1-1.6,71.7,0.5,3.0,3.5,1.9,0.1,0.7,2.1,1.2,9.6
Kevin Porter Jr.,50,3,23.2,3.7-8.4,44.2,1.1-3.2,33.5,1.5-2.0,72.3,0.4,2.8,3.2,2.2,0.3,0.9,2.7,1.9,10.0
Collin Sexton,147,137,32.3,7.0-15.6,45.0,1.5-3.7,39.2,3.0-3.6,84.3,0.8,2.2,3.0,3.0,0.1,0.7,2.2,2.3,18.5
Dean Wade,12,0,5.9,0.8-1.1,69.2,0.2-0.3,50.0,0.0-0.1,0.0,0.3,1.3,1.6,0.2,0.3,0.2,0.7,0.3,1.7
Sekou Doumbouya,38,19,19.8,2.4-6.2,39.0,0.7-2.6,28.6,0.8-1.2,67.4,0.5,2.6,3.1,0.5,0.2,0.5,2.1,0.9,6.4
Wayne Ellington,681,166,21.0,2.9-7.1,40.8,1.5-3.9,37.8,0.7-0.8,84.6,0.3,1.9,2.2,1.1,0.1,0.5,1.1,0.7,8.0
Jerami Grant,454,169,24.5,3.3-7.0,46.5,0.8-2.4,34.7,1.9-2.9,66.9,0.9,2.9,3.9,1.1,1.1,0.6,2.3,0.9,9.3
Blake Griffin,622,622,34.8,8.1-16.3,49.8,0.7-2.0,33.3,4.8-6.9,69.4,2.2,6.7,8.8,4.4,0.5,0.9,2.9,2.6,21.7
Josh Jackson,178,64,24.3,4.5-10.9,41.7,0.9-2.9,29.8,2.0-3.0,65.5,1.0,3.3,4.3,1.9,0.6,1.0,2.6,1.9,11.9
Louis King,10,0,6.2,0.8-2.1,38.1,0.4-1.1,36.4,0.0-0.3,0.0,0.1,0.9,1.0,0.5,0.0,0.2,1.0,0.2,2.0
Rodney McGruder,218,116,21.5,2.2-5.4,41.2,0.9-2.6,33.6,0.5-0.8,64.3,0.9,2.2,3.1,1.3,0.2,0.5,1.6,0.7,5.9
Dzanan Musa,49,0,10.7,1.5-4.0,37.6,0.4-1.8,22.7,0.9-1.3,72.6,0.4,1.4,1.9,0.9,0.0,0.3,0.6,0.8,4.3
Sviatoslav Mykhailiuk,98,27,17.4,2.2-5.6,38.9,1.5-3.8,38.5,0.7-0.9,76.7,0.3,1.2,1.4,1.5,0.1,0.6,1.1,0.8,6.5
Jahlil Okafor,220,114,20.4,4.7-8.7,53.8,0.0-0.1,22.2,1.6-2.4,67.5,1.6,3.4,5.0,1.0,0.9,0.3,2.2,1.5,11.0
Mason Plumlee,532,257,21.6,3.3-5.7,57.4,0.0-0.1,6.3,1.8-3.2,56.2,2.0,4.2,6.2,2.2,0.9,0.8,2.7,1.5,8.3
Derrick Rose,596,504,32.6,7.3-16.1,45.6,0.8-2.6,30.4,3.3-4.0,82.7,0.8,2.6,3.4,5.6,0.3,0.8,1.3,2.6,18.8
Delon Wright,271,23,19.8,2.6-5.9,45.0,0.6-1.8,34.2,1.3-1.7,79.0,0.8,2.3,3.1,2.9,0.4,1.0,1.2,1.0,7.3
Goga Bitadze,54,2,8.7,1.3-2.8,46.7,0.1-0.8,19.0,0.4-0.6,72.7,0.5,1.5,2.0,0.4,0.7,0.2,1.2,0.5,3.2
Brian Bowen II,6,1,5.2,0.5-1.7,30.0,0.0-0.3,0.0,0.0-0.0,0.0,0.2,1.0,1.2,0.0,0.2,0.0,0.5,0.2,1.0
Malcolm Brogdon,241,166,28.7,5.1-10.9,47.1,1.3-3.4,38.5,2.0-2.3,89.4,0.8,3.1,3.8,4.4,0.2,0.9,1.9,1.7,13.6
Aaron Holiday,116,33,19.5,2.9-7.1,41.0,1.1-3.0,37.4,1.0-1.2,83.9,0.2,1.7,1.9,2.7,0.3,0.7,1.6,1.1,7.9
Justin Holiday,430,168,23.0,2.9-7.2,39.6,1.5-4.1,36.0,1.0-1.2,82.6,0.4,2.5,2.9,1.4,0.4,1.0,1.5,0.9,8.1
Jeremy Lamb,481,128,21.2,3.9-8.8,44.4,1.0-3.0,33.9,1.6-1.9,85.1,0.5,3.2,3.7,1.6,0.4,0.7,1.6,0.8,10.5
Jalen Lecque,5,0,6.4,0.8-2.0,40.0,0.0-0.8,0.0,0.4-0.4,100.0,0.0,0.4,0.4,0.4,0.0,0.0,0.6,0.4,2.0
T.J. McConnell,385,75,21.4,2.8-5.8,49.2,0.2-0.7,33.2,0.5-0.6,77.9,0.5,2.4,2.8,4.7,0.2,1.2,1.4,1.6,6.4
Doug McDermott,410,14,19.9,3.1-6.6,46.5,1.2-3.0,41.2,0.8-1.0,82.5,0.4,1.8,2.2,0.8,0.1,0.2,1.4,0.6,8.2
Naz Mitrou-Long,20,0,6.6,0.7-1.9,34.2,0.3-1.2,20.8,0.1-0.1,100.0,0.1,0.6,0.7,1.2,0.1,0.1,0.6,0.6,1.7
Victor Oladipo,421,361,33.0,6.4-14.5,44.1,1.5-4.4,35.0,3.0-3.8,79.4,0.6,4.0,4.6,3.9,0.5,1.7,2.4,2.6,17.3
Domantas Sabonis,291,152,25.6,4.8-9.2,52.2,0.3-1.0,32.1,2.2-3.0,72.2,2.0,6.0,8.0,2.6,0.4,0.6,2.9,1.9,12.1
JaKarr Sampson,207,90,15.6,2.1-4.4,46.8,0.3-1.1,25.1,0.9-1.4,67.1,0.6,2.0,2.7,0.8,0.5,0.4,1.9,0.8,5.3
Edmond Sumner,55,5,12.0,1.5-3.8,40.6,0.4-1.5,26.2,0.6-1.0,58.5,0.4,0.9,1.3,1.2,0.3,0.5,1.3,0.6,4.0
Myles Turner,342,309,28.3,4.9-10.0,48.8,0.8-2.1,35.7,2.2-2.9,76.8,1.4,5.2,6.7,1.2,2.1,0.7,2.8,1.3,12.7
T.J. Warren,328,232,28.8,6.4-12.6,50.7,0.8-2.1,36.1,1.9-2.5,77.9,1.4,2.8,4.1,1.2,0.5,1.0,2.4,1.0,15.5
Jaylen Adams,34,1,12.6,1.1-3.2,34.5,0.7-2.2,33.8,0.2-0.3,77.8,0.3,1.4,1.8,1.9,0.1,0.4,1.3,0.8,3.2
Giannis Antetokounmpo,528,463,32.5,7.3-13.9,52.6,0.6-2.1,28.4,4.8-6.7,72.2,1.7,7.2,8.9,4.3,1.3,1.2,3.0,2.8,20.1
Thanasis Antetokounmpo,22,2,6.1,1.2-2.4,51.9,0.0-0.5,0.0,0.3-0.8,41.2,0.5,0.6,1.1,0.7,0.1,0.3,0.9,0.5,2.8
D.J. Augustin,864,319,24.1,3.2-7.8,41.2,1.3-3.4,37.9,2.2-2.5,86.5,0.3,1.6,1.9,4.0,0.0,0.6,1.5,1.5,9.9
Pat Connaughton,283,12,15.7,1.8-4.1,44.3,0.8-2.2,34.4,0.4-0.5,79.0,0.6,2.2,2.8,1.3,0.3,0.3,1.1,0.5,4.8
Torrey Craig,172,69,18.6,2.0-4.5,45.1,0.7-2.2,32.0,0.5-0.8,66.0,1.1,2.3,3.4,0.8,0.6,0.4,2.2,0.5,5.3
Donte DiVincenzo,93,24,20.8,3.0-6.8,44.5,1.1-3.5,31.8,0.8-1.1,73.5,0.9,3.2,4.1,2.0,0.3,1.1,1.6,1.2,8.0
Bryn Forbes,261,155,21.7,3.2-7.5,43.1,1.6-4.1,40.0,0.8-0.9,80.1,0.2,1.7,1.9,1.5,0.0,0.4,1.5,0.7,8.9
Jrue Holiday,713,640,33.2,6.3-13.8,45.3,1.3-3.7,35.4,2.0-2.6,77.7,0.9,3.1,3.9,6.4,0.5,1.5,2.3,2.8,15.9
Ersan Ilyasova,808,423,23.3,3.8-8.7,44.4,1.1-2.9,36.5,1.5-2.0,77.6,1.7,4.0,5.7,1.1,0.4,0.7,2.4,1.0,10.3
Kyle Korver,1232,423,25.3,3.3-7.5,44.2,2.0-4.6,42.9,1.1-1.2,87.7,0.3,2.7,3.0,1.7,0.3,0.7,2.0,1.0,9.7
Brook Lopez,785,746,30.6,6.4-13.1,49.4,0.7-2.0,34.1,3.3-4.1,79.3,2.1,4.3,6.4,1.5,1.8,0.6,2.7,1.8,16.8
Frank Mason III,99,2,15.5,2.4-6.1,39.7,0.5-1.7,29.8,1.4-1.9,75.7,0.4,1.5,1.9,2.6,0.2,0.6,1.2,1.1,6.8
Khris Middleton,517,442,31.5,5.9-13.0,45.8,1.7-4.5,39.2,2.7-3.0,87.6,0.6,4.1,4.6,3.4,0.2,1.2,2.6,1.9,16.3
Bobby Portis,315,54,20.4,4.1-9.0,45.6,0.9-2.4,36.0,1.1-1.5,75.4,1.7,4.2,5.9,1.2,0.3,0.5,1.8,1.1,10.2
Marvin Williams,1072,828,28.1,3.7-8.3,44.3,1.0-2.7,36.1,1.9-2.4,80.8,1.2,4.0,5.2,1.3,0.5,0.8,2.0,1.0,10.2
D.J. Wilson,107,4,12.3,1.5-3.7,41.4,0.6-1.9,32.2,0.4-0.6,56.7,0.6,2.5,3.0,0.7,0.2,0.2,1.2,0.5,4.1
Will Barton,496,161,24.4,4.1-9.5,43.4,1.2-3.3,34.7,1.7-2.2,78.6,0.8,3.5,4.2,2.5,0.4,0.7,1.6,1.4,11.1
Bol Bol,7,0,12.4,2.0-4.0,50.0,0.6-1.3,44.4,1.1-1.4,80.0,0.7,2.0,2.7,0.9,0.9,0.3,1.6,1.4,5.7
Vlatko Cancar,14,0,3.2,0.4-1.1,40.0,0.1-0.4,16.7,0.3-0.3,100.0,0.4,0.4,0.7,0.2,0.1,0.1,0.5,0.2,1.2
PJ Dozier,37,0,12.6,2.0-4.9,41.1,0.5-1.5,33.3,0.6-0.8,71.0,0.4,1.5,2.0,1.8,0.2,0.4,1.3,0.8,5.1
JaMychal Green,362,152,21.9,3.1-6.5,47.1,0.8-2.0,37.5,1.2-1.6,76.8,1.8,4.3,6.1,0.9,0.4,0.6,2.7,1.1,8.1
Gary Harris,368,306,29.0,4.5-10.0,45.4,1.5-4.1,36.0,1.6-1.9,80.3,0.6,2.0,2.6,2.1,0.2,1.3,1.8,1.2,12.1
Isaiah Hartenstein,51,2,9.5,1.3-2.1,59.3,0.0-0.2,18.2,0.6-0.8,71.4,1.0,1.7,2.7,0.6,0.5,0.3,1.9,0.6,3.1
Nikola Jokic,381,340,29.0,6.5-12.4,52.4,0.9-2.7,33.8,3.0-3.6,82.6,2.6,7.0,9.6,5.5,0.7,1.1,2.8,2.5,17.0
Paul Millsap,996,709,29.1,5.2-10.7,49.0,0.5-1.4,34.3,3.0-4.1,73.7,2.2,5.1,7.3,2.3,1.0,1.3,3.1,1.8,14.0
Monte Morris,158,18,23.0,3.9-8.1,47.9,1.0-2.5,39.8,0.9-1.1,82.6,0.4,1.7,2.1,3.5,0.1,0.8,1.1,0.7,9.6
Jamal Murray,297,222,29.2,5.7-13.0,43.9,1.8-5.1,35.8,2.3-2.6,88.0,0.8,2.8,3.6,3.7,0.3,0.9,1.9,1.9,15.6
Michael Porter Jr.,55,8,16.4,3.5-7.0,50.9,1.1-2.7,42.2,1.1-1.3,83.3,1.2,3.5,4.7,0.8,0.5,0.5,1.8,0.9,9.3
Malik Beasley,220,33,17.5,3.1-6.9,44.8,1.4-3.6,38.8,0.6-0.8,80.0,0.3,1.7,2.0,1.0,0.1,0.5,1.1,0.7,8.2
Jarrett Culver,63,35,23.9,3.7-9.0,40.4,1.0-3.5,29.9,0.9-1.9,46.2,1.1,2.3,3.4,1.7,0.6,0.9,2.0,1.3,9.2
Ed Davis,668,96,19.8,2.6-4.6,56.8,0.0-0.0,0.0,1.1-1.9,58.3,2.3,4.4,6.6,0.8,0.8,0.5,2.5,0.8,6.3
Juan Hernangomez,205,51,16.1,1.8-4.2,42.8,0.8-2.3,35.9,0.9-1.2,72.2,0.8,2.6,3.4,0.7,0.2,0.4,1.2,0.5,5.3
Jake Layman,164,37,13.7,2.1-4.5,45.6,0.6-2.0,30.9,0.5-0.8,72.4,0.5,1.4,1.9,0.5,0.3,0.4,1.2,0.5,5.3
Kelan Martin,31,4,16.0,2.3-5.8,39.2,0.8-3.1,26.0,1.0-1.0,96.8,0.4,2.7,3.1,0.7,0.3,0.2,1.6,0.6,6.4
Jordan McLaughlin,30,2,19.7,2.9-5.9,48.9,1.0-2.5,38.2,0.9-1.3,66.7,0.2,1.4,1.6,4.2,0.1,1.1,1.0,1.0,7.6
Jaylen Nowell,15,0,10.1,1.3-3.5,35.8,0.2-1.7,11.5,1.1-1.1,94.1,0.2,0.7,0.9,1.3,0.1,0.2,0.7,0.2,3.8
Josh Okogie,136,80,24.3,2.7-6.7,40.4,0.7-2.7,27.4,2.0-2.6,76.5,0.9,2.6,3.6,1.4,0.4,1.1,2.2,1.1,8.1
Naz Reid,30,11,16.5,3.3-8.1,41.2,1.1-3.2,33.0,1.2-1.8,69.8,1.1,3.0,4.1,1.2,0.7,0.6,2.8,0.7,9.0
Ricky Rubio,563,542,30.9,3.7-9.4,39.1,0.9-2.7,32.8,3.1-3.7,84.1,0.7,3.6,4.3,7.8,0.1,1.9,2.6,2.7,11.3
D'Angelo Russell,317,269,29.0,6.4-15.3,42.0,2.4-6.6,35.6,2.2-2.9,77.2,0.6,3.1,3.7,5.3,0.2,1.1,1.9,2.9,17.5
Karl-Anthony Towns,358,358,34.4,8.6-16.0,53.4,1.4-3.6,39.6,4.1-5.0,83.1,3.1,8.6,11.8,2.8,1.5,0.8,3.3,2.5,22.7
Evan Turner,705,295,26.9,3.9-9.0,43.4,0.4-1.3,29.4,1.5-1.9,78.2,0.6,4.1,4.6,3.5,0.3,0.8,2.0,1.8,9.7
Jarred Vanderbilt,28,0,4.1,0.5-1.0,51.9,0.0-0.1,0.0,0.3-0.4,66.7,0.4,0.8,1.1,0.2,0.1,0.3,0.5,0.5,1.3
Trevor Ariza,1064,731,29.7,3.8-8.9,42.3,1.4-4.1,35.2,1.6-2.2,73.2,1.0,3.8,4.8,2.2,0.3,1.5,2.0,1.4,10.5
Darius Bazley,61,9,18.5,2.0-5.2,39.4,0.8-2.3,34.8,0.7-1.0,69.4,0.5,3.5,4.0,0.7,0.7,0.4,0.9,0.7,5.6
Deonte Burton,71,0,8.4,1.1-2.9,36.7,0.3-1.1,22.5,0.2-0.4,61.5,0.2,1.0,1.2,0.4,0.3,0.2,0.9,0.4,2.6
Antonius Cleveland,28,0,6.0,0.4-1.3,34.3,0.1-0.3,42.9,0.3-0.4,63.6,0.2,0.6,0.8,0.1,0.3,0.3,1.1,0.3,1.2
Hamidou Diallo,97,6,14.7,2.1-4.8,44.9,0.2-0.8,24.7,0.8-1.3,60.7,0.8,1.9,2.7,0.5,0.2,0.6,1.8,0.8,5.2
Luguentz Dort,36,28,22.8,2.4-6.1,39.5,0.8-2.8,29.7,1.2-1.5,79.2,0.7,1.6,2.3,0.8,0.1,0.9,2.7,0.6,6.8
Shai Gilgeous-Alexander,152,143,30.3,5.4-11.4,47.3,0.9-2.6,35.4,2.9-3.6,80.4,0.7,3.6,4.2,3.3,0.6,1.2,1.9,1.8,14.6
Kevin Hervey,10,0,5.2,0.7-2.7,25.9,0.3-2.0,15.0,0.0-0.0,0.0,0.1,1.1,1.2,0.5,0.1,0.1,0.4,0.0,1.7
George Hill,785,449,27.7,3.9-8.6,45.7,1.2-3.2,38.4,2.0-2.5,80.3,0.6,2.5,3.1,3.2,0.3,0.9,2.0,1.3,11.1
Al Horford,853,843,32.6,5.9-11.3,52.0,0.5-1.5,36.4,1.7-2.2,75.4,2.1,6.2,8.3,3.3,1.2,0.8,2.3,1.6,13.9
Frank Jackson,120,18,16.4,2.7-6.5,42.2,0.8-2.6,31.9,0.9-1.2,74.3,0.4,1.4,1.8,1.1,0.1,0.4,1.4,0.8,7.2
Justin Jackson,214,58,19.5,2.5-5.8,43.1,0.9-2.8,32.4,0.6-0.8,78.8,0.5,2.1,2.6,1.0,0.2,0.4,1.2,0.4,6.5
Ty Jerome,31,0,10.6,1.2-3.6,33.6,0.5-1.6,28.0,0.4-0.5,75.0,0.2,1.3,1.5,1.4,0.1,0.5,0.9,0.6,3.3
T.J. Leaf,139,2,8.6,1.4-2.9,49.1,0.2-0.7,34.1,0.3-0.5,57.1,0.7,1.3,2.0,0.3,0.2,0.2,0.7,0.2,3.3
Darius Miller,253,28,20.4,2.1-4.9,41.8,1.3-3.4,38.2,0.6-0.7,83.0,0.2,1.5,1.7,1.4,0.2,0.4,2.0,0.6,6.0
Mike Muscala,354,30,15.4,2.0-4.4,46.0,0.8-2.1,36.8,0.7-0.9,83.9,0.9,2.3,3.1,0.9,0.5,0.4,1.5,0.6,5.6
Andre Roberson,302,269,22.3,1.9-4.0,47.7,0.4-1.4,25.5,0.4-0.9,46.8,1.2,2.8,4.0,0.9,0.7,0.9,2.2,0.6,4.6
Isaiah Roby,3,0,3.7,0.0-0.3,0.0,0.0-0.0,0.0,0.0-0.0,0.0,0.0,0.7,0.7,0.0,0.0,0.0,0.3,0.3,0.0
Admiral Schofield,33,2,11.2,1.1-2.8,38.0,0.6-1.8,31.1,0.3-0.5,66.7,0.2,1.2,1.4,0.5,0.1,0.2,1.5,0.2,3.0
Kenrich Williams,85,47,22.5,1.9-5.0,37.1,0.9-3.0,30.4,0.3-0.5,48.9,1.2,3.5,4.8,1.6,0.5,0.8,2.2,0.7,4.9
Carmelo Anthony,1122,1114,35.7,8.4-18.8,44.8,1.3-3.7,34.9,5.4-6.6,81.2,1.7,4.8,6.5,2.9,0.5,1.0,2.9,2.6,23.6
Moses Brown,9,0,3.7,0.4-1.1,40.0,0.0-0.0,0.0,0.3-0.9,37.5,0.3,1.2,1.6,0.1,0.1,0.1,0.8,0.3,1.2
Zach Collins,154,12,17.5,2.2-4.9,44.4,0.5-1.6,32.4,0.8-1.1,72.2,1.2,2.8,4.0,0.9,0.7,0.3,2.2,1.0,5.7
Robert Covington,396,348,30.0,4.2-10.4,40.6,2.3-6.6,35.6,1.9-2.3,81.1,0.9,4.8,5.7,1.5,0.9,1.7,3.1,1.7,12.7
Harry Giles III,104,17,14.3,3.0-5.8,52.4,0.0-0.1,0.0,0.9-1.3,68.6,1.0,2.9,3.9,1.4,0.4,0.5,2.6,1.1,7.0
Jaylen Hoard,13,0,7.9,1.2-2.5,46.9,0.0-0.2,0.0,0.6-1.0,61.5,1.1,1.4,2.5,0.3,0.0,0.4,0.9,0.3,2.9
Rodney Hood,341,248,27.3,4.5-10.6,42.6,1.7-4.6,37.2,1.7-2.1,83.9,0.4,2.5,2.9,1.9,0.2,0.8,2.2,1.1,12.5
Derrick Jones Jr.,171,46,19.4,2.5-5.0,51.1,0.4-1.5,28.2,1.3-1.8,69.0,1.3,2.2,3.5,0.7,0.6,0.7,2.0,0.5,6.7
Enes Kanter,641,223,21.7,4.7-8.7,54.3,0.1-0.2,28.7,2.0-2.6,77.6,2.9,4.7,7.6,0.9,0.5,0.4,2.2,1.5,11.6
Damian Lillard,615,615,36.4,8.0-18.2,43.7,2.9-7.7,37.3,5.4-6.1,88.9,0.6,3.6,4.2,6.5,0.3,1.0,2.0,2.8,24.2
Nassir Little,48,5,11.9,1.4-3.1,43.0,0.3-1.2,23.7,0.6-0.9,63.6,0.6,1.6,2.3,0.5,0.3,0.3,1.5,0.3,3.6
CJ McCollum,481,384,30.9,7.1-15.6,45.4,2.1-5.3,39.7,2.2-2.6,82.7,0.6,2.7,3.3,3.1,0.4,0.9,2.2,1.7,18.5
Jusuf Nurkic,318,237,23.1,4.7-9.6,49.2,0.0-0.2,9.6,2.4-3.5,67.3,2.5,5.5,8.1,2.0,1.3,0.9,3.1,2.1,11.8
Anfernee Simons,90,5,17.7,2.7-6.7,40.4,0.9-2.8,33.3,0.9-1.2,78.7,0.3,1.5,1.8,1.2,0.1,0.3,1.6,0.8,7.3
Caleb Swanigan,75,4,8.7,0.9-2.1,43.8,0.0-0.2,11.8,0.4-0.6,61.4,0.8,2.1,2.9,0.7,0.1,0.2,1.7,1.0,2.3
Gary Trent Jr.,76,9,19.0,2.8-6.5,43.2,1.5-3.8,40.5,0.5-0.7,76.9,0.3,1.1,1.5,0.9,0.2,0.6,1.2,0.3,7.6
Bojan Bogdanovic,462,345,28.5,5.0-10.8,46.0,1.9-4.8,39.4,2.4-2.7,85.8,0.5,3.0,3.5,1.5,0.1,0.6,1.6,1.6,14.2
Jarrell Brantley,9,0,10.7,1.1-3.1,35.7,0.3-1.4,23.1,0.1-0.2,50.0,0.2,2.0,2.2,1.2,0.6,0.3,0.8,0.8,2.7
Jordan Clarkson,453,140,27.0,5.7-12.7,44.6,1.5-4.4,34.2,1.9-2.4,81.8,0.9,2.3,3.1,2.6,0.1,0.9,1.7,1.7,14.8
Mike Conley,835,798,32.4,5.3-12.0,43.9,1.4-3.8,37.5,2.9-3.5,81.9,0.4,2.5,3.0,5.6,0.2,1.4,2.0,2.0,14.9
Derrick Favors,683,485,25.7,4.6-8.8,53.0,0.1-0.3,20.7,2.1-3.1,66.1,2.5,4.8,7.4,1.1,1.3,0.8,2.6,1.4,11.4
Rudy Gobert,474,382,29.5,4.3-6.7,64.0,0.0-0.0,0.0,3.1-4.9,63.1,3.3,7.7,11.0,1.4,2.2,0.7,2.6,1.6,11.7
Joe Ingles,478,268,25.5,3.0-6.6,44.7,1.7-4.2,40.7,0.7-0.9,75.1,0.3,2.9,3.2,3.6,0.2,1.0,1.9,1.6,8.3
Donovan Mitchell,225,217,33.8,8.3-18.8,43.9,2.4-6.9,35.5,3.7-4.5,82.4,0.7,3.3,4.1,4.0,0.3,1.3,2.6,2.7,22.7
Juwan Morgan,21,0,6.4,0.7-1.2,57.7,0.1-0.4,37.5,0.1-0.2,75.0,0.5,0.9,1.4,0.3,0.1,0.0,0.9,0.3,1.7
Georges Niang,157,1,10.0,1.5-3.5,43.6,0.9-2.2,38.7,0.3-0.3,82.7,0.2,1.3,1.5,0.6,0.1,0.2,0.9,0.4,4.2
Royce O'Neale,222,82,21.9,2.0-4.5,44.5,0.9-2.4,37.5,0.6-0.8,78.0,0.3,3.8,4.1,1.8,0.3,0.7,2.2,0.8,5.5
Miye Oni,10,1,10.9,1.2-3.2,37.5,0.7-1.9,36.8,0.4-0.5,80.0,0.5,1.2,1.7,0.4,0.2,0.4,0.9,0.4,3.5
Nigel Williams-Goss,10,0,5.0,0.5-1.6,31.3,0.2-0.7,28.6,0.2-0.2,100.0,0.2,0.4,0.6,0.6,0.1,0.3,0.6,0.3,1.4
Kent Bazemore,551,278,21.2,3.1-7.5,41.3,1.1-3.1,35.1,1.4-2.0,72.6,0.4,2.9,3.2,1.8,0.5,1.0,2.0,1.5,8.7
Marquese Chriss,256,147,19.4,3.0-6.5,45.6,0.6-2.1,29.0,1.4-2.1,66.9,1.3,3.6,4.9,1.1,0.8,0.7,2.6,1.3,8.0
Stephen Curry,699,693,34.3,8.1-17.1,47.6,3.6-8.2,43.5,3.7-4.0,90.6,0.7,3.8,4.5,6.6,0.2,1.7,2.5,3.1,23.5
Draymond Green,576,428,28.1,3.3-7.5,43.5,0.9-2.8,31.9,1.6-2.2,71.0,1.1,5.8,6.9,5.0,1.1,1.4,2.8,2.1,9.0
Damion Lee,96,47,22.9,3.4-8.2,41.9,1.3-3.8,34.6,1.6-1.8,85.3,0.5,3.4,3.9,1.8,0.1,0.9,1.8,1.0,9.8
Kevon Looney,224,36,13.9,1.9-3.3,57.0,0.0-0.2,15.0,0.6-1.0,60.1,1.6,2.1,3.7,1.0,0.6,0.5,1.9,0.5,4.4
Mychal Mulder,7,3,29.1,3.7-9.6,38.8,2.3-7.4,30.8,1.3-1.7,75.0,0.4,2.9,3.3,1.1,0.1,0.3,2.9,0.7,11.0
Kelly Oubre Jr.,348,99,24.1,3.9-8.9,43.1,1.2-3.7,32.9,1.9-2.5,77.8,0.8,3.3,4.1,0.9,0.5,0.9,2.6,1.0,10.9
Eric Paschall,60,26,27.6,5.3-10.7,49.7,0.6-2.2,28.7,2.7-3.5,77.4,1.4,3.2,4.6,2.1,0.2,0.5,2.1,1.6,14.0
Jordan Poole,57,14,22.4,2.9-8.8,33.3,1.3-4.6,27.9,1.7-2.1,79.8,0.2,1.9,2.1,2.4,0.2,0.6,1.6,1.3,8.8
Alen Smailagic,14,0,9.9,1.4-2.9,50.0,0.2-0.9,23.1,1.1-1.4,84.2,0.7,1.2,1.9,0.9,0.3,0.2,1.0,0.8,4.2
Klay Thompson,615,578,33.1,7.3-16.0,45.9,2.9-7.0,41.9,1.9-2.3,84.8,0.4,3.0,3.5,2.3,0.5,0.9,2.1,1.7,19.5
Juan Toscano-Anderson,13,6,20.9,2.2-4.8,46.0,0.6-1.8,34.8,0.2-0.4,60.0,0.7,3.3,4.0,2.0,0.4,1.0,2.3,1.2,5.3
Axel Toupane,25,0,14.1,1.2-3.2,38.0,0.6-1.8,31.8,0.5-0.7,76.5,0.3,1.0,1.3,0.6,0.3,0.3,1.8,0.2,3.5
Brad Wanamaker,107,1,16.0,2.0-4.4,45.4,0.5-1.3,37.6,1.4-1.5,91.5,0.2,1.5,1.7,2.2,0.1,0.7,1.6,0.9,5.9
Andrew Wiggins,454,454,35.8,7.3-16.5,44.1,1.2-3.6,33.2,4.0-5.4,73.2,1.3,3.1,4.4,2.3,0.6,1.0,2.2,2.1,19.7
Patrick Beverley,431,350,28.1,3.1-7.6,41.4,1.6-4.2,38.1,1.0-1.3,76.1,1.2,3.2,4.4,3.5,0.4,1.2,3.1,1.3,8.9
Amir Coffey,18,1,8.8,1.3-3.0,42.6,0.3-1.1,31.6,0.3-0.6,54.5,0.2,0.7,0.9,0.8,0.1,0.3,1.1,0.4,3.2
Paul George,652,604,33.5,6.8-15.6,43.3,2.4-6.4,38.1,4.0-4.8,84.6,0.9,5.5,6.4,3.4,0.4,1.7,2.7,2.6,20.0
Serge Ibaka,808,646,28.6,5.2-10.1,51.4,0.7-1.8,36.0,1.5-1.9,75.8,2.2,5.2,7.4,0.8,2.1,0.4,2.8,1.3,12.6
Reggie Jackson,561,348,25.2,4.8-11.2,42.8,1.2-3.5,33.7,2.1-2.5,85.8,0.5,2.4,3.0,4.4,0.1,0.7,2.0,1.9,12.8
Mfiondu Kabengele,12,0,5.3,1.2-2.7,43.8,0.8-1.7,45.0,0.4-0.4,100.0,0.1,0.8,0.9,0.2,0.2,0.2,0.8,0.2,3.5
Luke Kennard,164,44,23.3,3.6-8.1,44.1,1.6-3.9,40.2,1.1-1.3,86.3,0.3,2.5,2.8,2.2,0.2,0.5,1.5,1.0,9.8
Kawhi Leonard,524,497,31.0,6.7-13.7,49.1,1.5-3.8,38.3,3.8-4.4,85.5,1.2,5.2,6.4,2.7,0.7,1.8,1.7,1.6,18.7
Terance Mann,41,6,8.8,0.9-1.9,46.8,0.2-0.5,35.0,0.4-0.7,66.7,0.2,1.1,1.3,1.3,0.1,0.3,1.1,0.4,2.4
Marcus Morris Sr.,607,354,27.0,4.4-10.2,43.2,1.5-4.0,36.7,1.8-2.3,75.9,1.0,3.7,4.7,1.5,0.3,0.7,2.2,1.2,12.1
Johnathan Motley,46,4,8.1,2.0-3.5,55.2,0.0-0.2,20.0,1.0-1.6,58.7,0.8,1.6,2.4,0.6,0.1,0.2,1.1,0.7,4.9
Joakim Noah,672,512,27.7,3.3-6.8,49.1,0.0-0.0,0.0,2.1-2.9,70.0,3.2,5.8,9.0,2.8,1.3,0.8,2.8,1.7,8.8
Patrick Patterson,681,99,21.1,2.6-5.9,44.8,0.9-2.3,36.9,0.6-0.8,75.5,1.2,2.8,4.0,1.0,0.4,0.5,1.6,0.6,6.7
Justin Patton,9,0,5.4,0.8-2.1,36.8,0.1-0.7,16.7,0.1-0.2,50.0,0.3,0.9,1.2,0.6,0.0,0.3,1.1,0.2,1.8
Lou Williams,1001,118,24.9,4.7-11.1,42.0,1.3-3.9,34.9,3.8-4.5,84.0,0.4,1.9,2.3,3.5,0.2,0.9,1.3,1.7,14.5
Ivica Zubac,212,118,16.0,3.0-5.3,56.5,0.0-0.0,0.0,1.4-1.8,75.5,1.9,3.7,5.6,0.9,0.8,0.2,2.0,0.9,7.4
Kostas Antetokounmpo,7,0,4.4,0.4-0.9,50.0,0.0-0.0,0.0,0.4-0.9,50.0,0.3,0.3,0.6,0.3,0.0,0.3,0.3,0.3,1.3
Jordan Bell,154,16,12.0,1.6-2.9,56.3,0.0-0.1,22.2,0.5-0.8,63.8,0.9,2.1,3.1,1.3,0.8,0.4,1.2,0.7,3.8
Devontae Cacok,1,0,9.0,3.0-6.0,50.0,0.0-0.0,0.0,0.0-0.0,0.0,2.0,3.0,5.0,1.0,0.0,0.0,0.0,0.0,6.0
Kentavious Caldwell-Pope,539,397,29.2,4.2-10.0,41.8,1.6-4.7,34.9,1.6-2.0,79.7,0.7,2.5,3.2,1.6,0.2,1.1,1.9,1.0,11.6
Alex Caruso,126,13,18.0,2.0-4.6,42.6,0.6-1.7,36.2,1.1-1.5,75.0,0.4,1.6,2.0,2.2,0.3,0.9,1.6,1.1,5.7
Quinn Cook,165,29,15.1,2.7-5.9,46.3,1.0-2.5,40.7,0.3-0.4,78.6,0.3,1.5,1.8,1.7,0.0,0.3,1.2,0.8,6.8
Anthony Davis,528,523,34.5,8.9-17.3,51.5,0.5-1.5,31.9,5.7-7.1,80.2,2.6,7.8,10.4,2.2,2.4,1.4,2.4,1.9,24.0
Jared Dudley,892,286,22.5,2.7-5.8,46.4,1.0-2.5,39.3,1.0-1.4,73.2,0.9,2.3,3.2,1.6,0.2,0.8,1.8,0.9,7.4
Marc Gasol,839,823,33.0,5.4-11.3,48.1,0.5-1.3,35.4,3.3-4.3,77.7,1.6,6.0,7.6,3.4,1.4,0.9,2.9,2.0,14.6
Montrezl Harrell,318,25,20.9,5.2-8.4,61.4,0.0-0.2,10.0,2.3-3.6,63.8,1.7,3.2,4.9,1.3,0.9,0.6,2.3,1.2,12.7
Talen Horton-Tucker,6,1,13.5,2.3-5.0,46.7,0.7-2.2,30.8,0.3-0.7,50.0,0.3,0.8,1.2,1.0,0.2,1.3,1.7,1.0,5.7
LeBron James,1265,1264,38.4,9.9-19.6,50.4,1.5-4.3,34.4,5.9-8.0,73.4,1.2,6.2,7.4,7.4,0.8,1.6,1.8,3.5,27.1
Kyle Kuzma,208,114,30.0,6.0-13.4,44.9,1.8-5.4,33.1,2.2-2.9,73.2,1.0,4.5,5.5,1.9,0.4,0.6,2.2,1.8,16.0
Wesley Matthews,791,730,31.9,4.5-10.6,42.3,2.1-5.5,38.1,2.1-2.5,82.4,0.5,2.5,3.0,2.1,0.2,1.0,2.2,1.3,13.1
Alfonzo McKinnie,126,6,13.1,1.7-3.7,46.6,0.5-1.5,30.7,0.4-0.7,62.2,0.9,2.0,2.9,0.4,0.2,0.3,1.7,0.5,4.3
Markieff Morris,637,348,25.5,4.4-9.8,44.8,0.8-2.4,34.5,1.8-2.3,77.8,1.3,4.1,5.3,1.7,0.5,0.9,2.9,1.6,11.4
Dennis Schroder,496,177,25.5,5.3-12.2,43.6,1.1-3.4,33.7,2.3-2.8,82.8,0.4,2.4,2.8,4.6,0.1,0.8,1.9,2.4,14.1
JR Smith,977,395,26.9,4.5-10.7,41.9,2.0-5.3,37.3,1.5-2.0,73.3,0.5,2.6,3.1,2.1,0.2,1.0,2.2,1.3,12.4
Deandre Ayton,109,102,31.4,7.5-13.2,57.0,0.0-0.2,17.6,1.9-2.6,74.8,3.4,7.3,10.7,1.8,1.1,0.8,3.0,1.9,17.0
Devin Booker,342,317,33.5,7.7-17.2,44.8,2.0-5.5,35.4,5.1-5.8,87.1,0.5,3.1,3.6,4.7,0.3,0.8,3.1,3.3,22.5
Mikal Bridges,155,88,28.8,3.2-6.8,46.7,1.1-3.3,34.5,1.3-1.5,82.5,0.8,2.8,3.6,1.9,0.5,1.5,2.3,0.9,8.7
Jevon Carter,97,5,15.7,1.6-4.4,36.7,1.0-2.6,38.7,0.5-0.6,83.1,0.5,1.4,1.9,1.6,0.3,0.8,1.5,0.7,4.7
Jae Crowder,608,297,24.7,3.3-7.8,42.1,1.4-4.2,34.0,1.5-2.0,77.8,0.7,3.4,4.1,1.5,0.3,1.0,2.0,0.9,9.6
Cheick Diallo,180,3,12.0,2.2-3.7,59.8,0.0-0.0,28.6,0.8-1.1,77.2,1.0,3.2,4.2,0.4,0.4,0.3,1.5,0.6,5.3
Cameron Johnson,57,9,22.0,3.1-7.1,43.5,1.9-4.8,39.0,0.8-1.0,80.7,0.9,2.4,3.3,1.2,0.4,0.6,1.5,0.6,8.8
Damian Jones,104,49,14.1,1.9-2.8,66.6,0.0-0.1,22.2,0.9-1.3,67.6,1.1,1.9,3.1,0.6,0.7,0.4,2.3,0.5,4.6
Abdel Nader,164,8,12.7,1.6-3.8,42.1,0.6-1.8,35.2,0.6-0.9,71.6,0.3,1.5,1.8,0.5,0.3,0.4,1.2,0.6,4.5
Tariq Owens,3,0,5.0,0.3-1.7,20.0,0.0-0.7,0.0,0.7-0.7,100.0,0.7,0.3,1.0,0.0,0.0,0.3,0.3,0.0,1.3
Chris Paul,1020,1020,34.9,6.5-13.7,47.0,1.4-3.7,37.0,4.2-4.8,87.0,0.7,3.9,4.5,9.5,0.1,2.2,2.5,2.4,18.5
Cameron Payne,161,28,16.4,2.4-6.1,40.3,0.9-2.5,34.4,0.5-0.6,78.1,0.3,1.6,1.9,2.5,0.2,0.7,1.6,1.0,6.2
Dario Saric,306,201,26.5,4.4-10.0,44.1,1.5-4.2,35.8,1.9-2.3,83.7,1.6,4.6,6.2,2.1,0.2,0.6,2.2,1.7,12.2
Marvin Bagley III,75,10,25.3,5.8-11.6,49.7,0.5-1.6,28.8,2.7-3.9,70.3,2.5,5.0,7.6,1.0,0.9,0.5,2.2,1.5,14.8
Harrison Barnes,612,551,31.2,5.0-11.3,44.8,1.2-3.3,37.5,2.3-2.9,79.6,1.0,3.9,4.9,1.6,0.2,0.7,1.7,1.2,13.7
Nemanja Bjelica,341,159,21.8,3.0-6.5,46.6,1.2-3.1,39.3,0.8-1.0,77.2,1.2,3.6,4.8,1.8,0.4,0.7,2.5,1.0,8.0
Corey Brewer,819,310,22.9,3.3-7.7,42.5,0.6-2.2,28.4,1.5-2.1,71.3,0.7,2.0,2.8,1.5,0.3,1.2,2.2,1.2,8.7
Yogi Ferrell,249,53,20.4,2.8-6.7,42.2,1.1-3.1,36.7,1.0-1.2,83.7,0.3,1.8,2.1,2.3,0.1,0.6,1.4,0.9,7.8
De'Aaron Fox,205,191,30.3,6.0-13.2,45.1,0.9-2.8,32.8,3.3-4.7,71.8,0.5,2.9,3.4,6.1,0.4,1.4,2.5,2.7,16.2
Kyle Guy,3,0,3.3,0.7-1.7,40.0,0.0-1.0,0.0,0.0-0.0,0.0,0.0,0.3,0.3,0.3,0.0,0.0,0.3,0.0,1.3
Buddy Hield,316,194,27.7,5.9-13.4,44.2,2.8-6.7,41.1,1.3-1.5,86.6,0.8,3.4,4.2,2.2,0.3,0.8,2.0,1.7,15.9
Richaun Holmes,270,62,18.8,3.4-5.9,58.3,0.1-0.6,25.7,1.4-1.9,72.4,1.7,3.3,5.0,0.9,1.0,0.6,2.5,0.8,8.4
Justin James,36,0,6.4,1.0-2.3,41.7,0.3-0.8,31.0,0.3-0.6,47.6,0.2,0.7,0.9,0.5,0.3,0.2,0.5,0.2,2.5
DaQuan Jeffries,13,0,10.8,1.5-3.1,50.0,0.4-1.4,27.8,0.4-0.5,83.3,0.2,1.2,1.4,0.5,0.1,0.3,1.5,0.2,3.8
Cory Joseph,600,121,21.9,2.7-6.1,44.1,0.5-1.5,33.2,1.0-1.3,76.9,0.5,2.1,2.6,2.9,0.2,0.8,1.5,1.0,6.9
Frank Kaminsky,321,36,21.9,3.5-8.2,42.2,1.2-3.4,34.7,1.6-2.2,75.0,0.8,3.3,4.0,1.6,0.4,0.5,1.6,0.9,9.8
Chimezie Metu,47,0,5.3,0.9-2.1,43.0,0.0-0.1,0.0,0.5-0.6,76.7,0.4,1.0,1.5,0.5,0.2,0.2,0.4,0.5,2.3
Jabari Parker,285,190,29.0,6.0-12.2,49.3,0.7-2.2,32.4,2.2-2.9,74.0,1.5,4.2,5.7,2.1,0.4,0.9,2.1,1.8,14.9
Glenn Robinson III,281,103,17.5,2.3-5.0,45.9,0.6-1.7,37.3,0.8-1.0,76.8,0.7,1.9,2.6,0.8,0.2,0.5,0.9,0.5,6.0
Hassan Whiteside,410,320,26.7,5.7-9.8,58.2,0.0-0.1,32.0,2.3-3.7,60.8,3.4,8.4,11.7,0.7,2.4,0.6,2.7,1.6,13.7
Bogdan Bogdanovic,209,97,28.2,5.0-11.5,43.4,2.0-5.5,37.4,1.5-1.9,80.6,0.5,2.8,3.2,3.5,0.2,1.0,2.1,1.6,13.5
Clint Capela,334,274,26.0,5.3-8.3,63.4,0.0-0.0,0.0,1.6-3.1,52.6,3.3,6.4,9.7,1.0,1.5,0.7,2.5,1.2,12.2
John Collins,176,126,28.3,6.4-11.3,57.1,0.7-2.0,36.9,2.6-3.4,75.7,2.9,5.9,8.8,1.6,1.1,0.6,3.1,1.7,16.2
Kris Dunn,227,126,24.3,3.4-8.0,42.2,0.6-1.8,30.6,0.9-1.3,72.6,0.4,3.0,3.3,4.2,0.4,1.5,3.0,1.8,8.3
Bruno Fernando,56,13,12.7,1.8-3.6,51.8,0.1-0.7,13.5,0.5-0.9,56.9,1.2,2.3,3.5,0.9,0.3,0.3,1.9,0.8,4.3
Danilo Gallinari,611,541,30.9,4.9-11.5,42.7,2.0-5.2,38.0,4.4-5.0,87.3,0.7,4.2,4.9,2.0,0.4,0.8,1.8,1.3,16.2
Brandon Goodwin,50,1,9.7,1.6-4.3,38.5,0.6-1.9,30.1,0.7-0.8,90.2,0.2,1.3,1.5,1.3,0.1,0.2,1.0,0.6,4.6
Solomon Hill,364,172,22.0,2.0-5.1,39.5,0.8-2.4,33.6,1.0-1.3,80.1,0.7,2.5,3.2,1.6,0.2,0.7,1.7,0.9,5.8
Kevin Huerter,131,107,29.1,4.0-9.7,41.6,2.0-5.2,38.3,0.7-0.9,78.3,0.7,2.9,3.6,3.3,0.4,0.9,2.2,1.5,10.8
De'Andre Hunter,63,62,32.0,4.4-10.8,41.0,1.7-4.8,35.5,1.7-2.3,76.4,0.7,3.8,4.5,1.8,0.3,0.7,2.9,1.6,12.3
Cam Reddish,58,34,26.7,3.7-9.6,38.4,1.4-4.3,33.2,1.7-2.2,80.2,0.6,3.1,3.7,1.5,0.5,1.1,2.3,1.7,10.5
Rajon Rondo,873,729,31.0,4.3-9.3,45.8,0.4-1.4,31.6,1.2-2.0,60.6,1.0,3.7,4.7,8.3,0.1,1.7,2.2,2.8,10.2
Tony Snell,501,275,22.5,2.4-5.5,42.8,1.2-3.2,38.5,0.5-0.6,83.8,0.3,2.0,2.3,1.2,0.2,0.5,1.4,0.6,6.5
Trae Young,141,141,32.8,7.6-17.8,42.8,2.6-7.4,34.4,5.8-6.9,84.7,0.7,3.3,3.9,8.6,0.2,1.0,1.7,4.2,23.6
Bismack Biyombo,636,271,20.2,1.9-3.7,52.0,0.0-0.0,0.0,1.3-2.2,57.5,2.0,4.3,6.2,0.5,1.3,0.3,2.2,0.9,5.1
Miles Bridges,145,89,25.5,3.8-8.7,44.0,1.1-3.4,32.8,1.1-1.4,78.8,1.1,3.7,4.7,1.4,0.7,0.7,1.7,1.0,9.9
Devonte' Graham,109,56,26.5,4.1-10.8,37.5,2.3-6.5,35.7,2.1-2.6,81.0,0.5,2.0,2.5,5.4,0.2,0.8,1.5,1.9,12.5
Gordon Hayward,641,479,30.8,5.3-11.6,45.1,1.3-3.6,36.6,3.5-4.2,82.3,0.8,3.6,4.4,3.5,0.4,1.0,1.8,2.0,15.3
Caleb Martin,18,1,17.6,2.1-4.7,44.0,1.1-2.1,54.1,0.9-1.2,81.0,0.6,1.6,2.1,1.3,0.4,0.7,1.8,0.8,6.2
Cody Martin,48,3,18.8,1.9-4.3,43.0,0.4-1.6,23.4,0.9-1.4,64.6,0.8,2.5,3.3,2.0,0.2,0.8,1.6,0.9,5.0
Jalen McDaniels,16,0,18.3,2.1-4.4,47.1,0.6-1.5,37.5,0.9-1.1,82.4,0.9,3.1,4.1,0.8,0.2,0.5,2.3,0.7,5.6
Malik Monk,191,1,17.2,3.1-7.8,39.5,1.3-4.1,32.2,1.1-1.3,85.0,0.3,1.6,1.9,1.7,0.2,0.4,1.3,1.1,8.6
Terry Rozier,335,93,22.7,3.4-8.7,39.4,1.5-4.1,37.1,1.2-1.5,81.3,0.6,3.1,3.7,2.7,0.2,0.8,1.3,1.1,9.6
PJ Washington,58,57,30.3,4.6-10.2,45.5,1.5-4.0,37.4,1.5-2.3,64.7,1.0,4.4,5.4,2.1,0.8,0.9,2.7,1.6,12.2
Cody Zeller,419,252,22.9,3.2-6.3,51.3,0.1-0.3,24.8,2.1-2.9,73.1,2.0,4.0,6.0,1.4,0.7,0.7,2.6,1.1,8.6
Bam Adebayo,223,119,25.6,4.0-7.2,55.3,0.0-0.2,13.9,2.5-3.5,71.0,2.1,5.6,7.7,2.9,0.9,0.8,2.3,1.8,10.5
Kyle Alexander,2,0,6.5,0.5-1.0,50.0,0.0-0.0,0.0,0.0-0.0,0.0,1.0,0.5,1.5,0.0,0.0,0.0,0.5,0.5,1.0
Avery Bradley,571,493,28.3,4.7-10.8,43.6,1.3-3.6,36.4,1.0-1.3,78.0,0.6,2.3,2.9,1.8,0.2,1.0,2.2,1.4,11.8
Jimmy Butler,581,476,33.0,5.5-12.2,45.4,0.9-2.6,33.3,5.1-6.1,83.5,1.5,3.6,5.1,3.7,0.5,1.6,1.4,1.5,17.0
Goran Dragic,817,511,28.0,5.1-11.0,46.4,1.2-3.3,36.3,2.5-3.3,76.4,0.7,2.3,3.1,4.8,0.2,1.0,2.3,2.3,13.9
Maurice Harkless,537,325,23.1,2.9-6.0,47.8,0.6-1.9,32.5,0.8-1.4,61.2,1.2,2.5,3.7,0.9,0.7,1.0,2.1,0.9,7.2
Udonis Haslem,858,500,25.1,3.1-6.3,48.9,0.0-0.1,8.6,1.4-1.9,75.5,1.9,4.8,6.7,0.8,0.3,0.5,2.4,0.9,7.6
Tyler Herro,55,8,27.4,4.9-11.5,42.8,2.1-5.4,38.9,1.6-1.8,87.0,0.3,3.8,4.1,2.2,0.2,0.6,1.4,1.6,13.5
Andre Iguodala,1129,779,33.2,4.3-9.3,46.5,0.9-2.7,33.3,2.5-3.5,70.9,0.9,4.1,5.1,4.3,0.5,1.5,1.8,1.9,12.0
BJ Johnson,17,0,7.8,1.1-2.9,36.0,0.4-0.9,37.5,0.6-0.7,91.7,0.3,1.1,1.4,0.2,0.0,0.3,0.4,0.5,3.1
Meyers Leonard,444,91,16.1,2.2-4.5,48.2,0.7-1.9,39.0,0.6-0.7,81.1,0.7,3.2,3.9,0.9,0.3,0.2,2.2,0.7,5.6
Kendrick Nunn,67,67,29.3,6.0-13.6,43.9,2.0-5.8,35.0,1.3-1.5,85.0,0.3,2.4,2.7,3.3,0.2,0.8,2.3,1.7,15.3
KZ Okpala,5,0,5.2,0.6-1.0,60.0,0.0-0.2,0.0,0.2-0.4,50.0,0.2,0.8,1.0,0.2,0.2,0.4,0.4,0.2,1.4
Kelly Olynyk,500,103,21.3,3.5-7.4,47.6,1.1-3.0,37.3,1.5-1.9,77.5,1.2,3.7,4.8,1.9,0.4,0.7,2.8,1.4,9.7
Duncan Robinson,88,69,26.4,3.9-8.3,46.5,3.2-7.3,43.7,0.8-0.9,91.0,0.1,2.7,2.9,1.2,0.2,0.5,2.3,0.8,11.7
Chris Silva,44,0,7.9,1.1-1.8,61.5,0.0-0.1,0.0,0.8-1.3,67.3,1.4,1.5,2.9,0.5,0.5,0.2,1.9,0.7,3.0
Max Strus,2,0,3.0,1.0-1.5,66.7,0.0-0.5,0.0,0.5-0.5,100.0,0.5,0.0,0.5,0.0,0.0,0.0,0.5,0.0,2.5
Gabe Vincent,9,0,9.2,0.9-4.1,21.6,0.7-3.0,22.2,0.0-0.0,0.0,0.0,0.6,0.6,0.7,0.0,0.6,0.7,0.1,2.4
Al-Farouq Aminu,688,431,25.1,2.8-6.6,42.0,0.8-2.3,33.5,1.3-1.7,74.5,1.4,4.7,6.1,1.2,0.6,1.0,1.9,1.2,7.6
Dwayne Bacon,135,30,16.0,2.1-5.1,40.3,0.5-1.5,34.5,0.7-0.9,71.8,0.2,2.1,2.3,1.0,0.1,0.4,1.3,0.6,5.3
Mo Bamba,109,1,15.1,2.3-4.9,47.1,0.5-1.6,32.8,0.6-1.0,62.4,1.5,3.4,4.9,0.7,1.4,0.3,2.0,0.8,5.7
Khem Birch,140,25,15.3,1.7-3.0,55.2,0.0-0.0,0.0,1.2-1.8,67.8,1.7,2.5,4.2,0.9,0.5,0.4,1.6,0.5,4.5
Jordan Bone,10,0,5.3,0.5-2.0,25.0,0.2-1.0,20.0,0.0-0.0,0.0,0.0,0.4,0.4,0.8,0.0,0.1,0.6,0.2,1.2
Michael Carter-Williams,360,192,25.3,3.9-9.6,40.3,0.5-1.8,25.6,2.2-3.2,71.3,0.9,3.4,4.4,4.4,0.5,1.3,2.4,2.3,10.4
Gary Clark,93,7,13.0,1.1-3.1,36.6,0.9-2.7,32.1,0.2-0.2,94.1,0.7,1.8,2.4,0.4,0.5,0.3,1.0,0.2,3.3
James Ennis III,347,103,20.1,2.3-5.0,45.5,0.8-2.2,35.0,1.2-1.5,79.6,1.0,2.3,3.3,0.9,0.3,0.6,2.0,0.8,6.5
Evan Fournier,523,381,28.4,5.1-11.3,44.9,1.8-4.8,37.5,2.1-2.7,80.7,0.4,2.3,2.7,2.6,0.1,0.8,2.4,1.6,14.1
Markelle Fultz,105,75,25.5,4.5-9.9,45.2,0.4-1.4,26.7,1.4-2.1,67.7,0.7,2.6,3.3,4.6,0.2,1.1,2.1,1.8,10.7
Aaron Gordon,403,314,28.6,4.8-10.7,44.8,1.1-3.4,31.9,2.0-2.9,70.1,1.6,4.8,6.4,2.4,0.6,0.8,2.0,1.4,12.8
Jonathan Isaac,136,106,25.8,3.5-8.0,43.5,1.0-3.0,33.0,1.4-1.7,79.7,1.3,4.2,5.4,1.1,1.5,1.1,2.0,1.1,9.3
Terrence Ross,561,176,24.7,4.0-9.6,42.0,1.9-5.1,37.0,1.0-1.2,82.8,0.4,2.5,2.8,1.1,0.3,0.9,1.7,0.9,11.0
Nikola Vucevic,598,537,30.3,7.0-14.0,49.9,0.5-1.4,33.5,1.6-2.2,74.6,2.7,7.5,10.2,2.6,0.9,0.9,2.5,1.7,16.1
Bradley Beal,545,511,34.6,7.6-16.9,45.2,2.3-6.0,38.0,3.4-4.2,80.7,0.8,3.2,4.0,4.0,0.4,1.1,2.2,2.3,21.0
Davis Bertans,274,32,18.6,2.7-6.1,44.1,1.9-4.5,41.1,0.8-1.0,84.9,0.4,2.4,2.8,1.1,0.4,0.4,1.6,0.6,8.0
Isaac Bonga,88,49,15.6,1.4-3.0,46.1,0.3-0.9,31.6,0.9-1.1,78.0,0.9,1.9,2.8,1.0,0.3,0.6,1.9,0.7,4.0
Troy Brown Jr.,121,32,20.8,3.1-7.1,43.2,0.7-2.0,33.5,1.2-1.5,75.8,0.9,3.4,4.4,2.1,0.1,0.9,1.6,0.9,8.0
Thomas Bryant,133,89,20.4,4.2-7.1,59.5,0.5-1.5,35.5,1.5-2.0,75.6,1.6,4.4,6.0,1.4,0.9,0.4,1.8,0.9,10.4
Rui Hachimura,48,48,30.1,5.3-11.4,46.6,0.5-1.8,28.7,2.4-2.9,82.9,1.6,4.5,6.1,1.8,0.2,0.8,2.2,1.1,13.5
Robin Lopez,832,585,22.4,3.7-6.9,52.9,0.1-0.2,29.5,1.4-1.9,74.9,2.3,2.8,5.1,0.8,1.2,0.2,2.0,1.1,8.8
Garrison Mathews,18,0,12.6,1.3-3.1,42.9,1.1-2.6,41.3,1.7-1.9,91.2,0.3,1.0,1.3,0.6,0.1,0.4,1.8,0.4,5.4
Raul Neto,253,57,13.8,1.8-4.1,44.6,0.6-1.5,37.9,0.6-0.8,78.9,0.2,1.1,1.3,1.9,0.1,0.5,1.2,1.0,4.9
Anzejs Pasecniks,27,0,16.2,2.3-4.3,52.6,0.0-0.1,0.0,1.3-2.1,58.6,1.6,2.4,4.0,0.7,0.4,0.3,2.8,0.9,5.8
Jerome Robinson,96,6,13.5,1.7-4.4,37.9,0.7-2.2,31.9,0.5-0.7,69.7,0.2,1.6,1.8,1.1,0.2,0.4,1.6,0.6,4.5
Ish Smith,610,165,20.2,3.3-7.7,43.0,0.4-1.3,31.9,0.8-1.1,68.3,0.4,2.1,2.5,3.9,0.2,0.7,1.3,1.3,7.8
Moritz Wagner,88,10,14.6,2.5-5.0,49.4,0.5-1.8,29.9,1.4-1.7,81.8,0.8,2.6,3.5,0.9,0.4,0.4,2.4,1.2,6.8
Russell Westbrook,878,860,34.6,8.2-18.8,43.7,1.1-3.7,30.5,5.7-7.1,79.9,1.7,5.4,7.1,8.3,0.3,1.7,2.6,4.1,23.2
J.J. Barea,831,108,19.6,3.4-8.0,42.4,1.0-2.8,35.2,1.1-1.4,79.4,0.3,1.8,2.1,3.9,0.0,0.4,1.4,1.5,8.9
Jalen Brunson,130,54,20.1,3.4-7.3,46.7,0.8-2.3,35.2,1.1-1.5,75.9,0.4,2.0,2.3,3.2,0.1,0.5,1.5,1.2,8.8
Trey Burke,394,129,23.0,4.1-10.0,41.0,1.2-3.5,34.5,1.2-1.5,80.0,0.4,1.6,2.0,3.5,0.1,0.6,1.4,1.3,10.6
Willie Cauley-Stein,349,237,23.5,4.1-7.6,53.9,0.0-0.1,21.1,1.5-2.4,61.1,1.8,4.5,6.3,1.6,0.8,0.9,2.4,1.0,9.6
Luka Doncic,133,133,32.8,8.2-18.4,44.5,2.5-7.9,32.1,5.8-7.9,73.7,1.2,7.3,8.5,7.3,0.3,1.0,2.2,3.8,24.7
Dorian Finney-Smith,254,142,24.4,2.5-5.9,42.6,1.1-3.2,33.0,0.8-1.1,72.5,1.4,2.9,4.3,1.2,0.4,0.7,2.1,0.8,6.9
Tim Hardaway Jr.,474,237,26.6,4.7-11.2,42.1,2.0-5.6,35.3,2.1-2.5,81.6,0.3,2.3,2.7,1.9,0.1,0.6,1.7,1.1,13.5
Wes Iwundu,182,46,17.6,1.7-4.0,41.8,0.4-1.1,31.9,1.1-1.4,79.4,0.5,2.0,2.5,1.0,0.3,0.5,1.6,0.5,4.8
James Johnson,634,220,20.6,3.1-6.6,47.7,0.5-1.6,31.0,1.2-1.7,69.3,0.8,2.8,3.6,2.1,0.9,0.8,2.2,1.5,8.0
Maxi Kleber,217,74,21.2,2.6-5.6,46.6,1.1-3.1,35.5,0.8-1.0,80.1,1.3,3.1,4.4,1.0,1.0,0.4,2.0,0.7,7.1
Boban Marjanovic,230,22,9.7,2.3-4.0,58.1,0.0-0.1,29.6,1.5-2.0,77.0,1.4,2.7,4.0,0.5,0.4,0.2,1.2,0.7,6.2
Kristaps Porzingis,243,242,31.2,6.6-15.2,43.4,1.7-4.9,35.8,3.5-4.3,80.3,1.7,6.0,7.6,1.4,2.0,0.7,3.2,1.7,18.4
Dwight Powell,371,88,18.7,2.9-5.1,56.3,0.3-0.9,29.3,1.7-2.3,73.9,1.5,3.1,4.6,1.0,0.5,0.7,2.1,0.7,7.7
Josh Richardson,314,243,30.7,4.5-10.6,42.6,1.6-4.4,36.3,1.7-2.1,81.8,0.7,2.5,3.2,2.9,0.7,1.1,2.5,1.5,12.4
Sterling Brown,164,12,15.7,2.0-4.7,41.7,0.8-2.3,34.5,0.5-0.6,77.4,0.5,2.6,3.1,1.0,0.2,0.5,1.4,0.7,5.2
Bruno Caboclo,99,20,12.7,1.6-3.9,40.0,0.6-2.0,31.6,0.6-0.7,84.6,0.8,1.8,2.6,0.7,0.6,0.4,1.3,0.7,4.3
DeMarre Carroll,578,339,23.7,3.1-7.3,43.0,1.1-3.2,35.8,1.5-2.1,74.1,1.1,3.1,4.2,1.3,0.3,0.9,1.9,0.9,8.9
Tyson Chandler,1160,886,27.3,3.1-5.1,59.7,0.0-0.0,0.0,2.1-3.2,64.4,3.0,6.0,9.0,0.8,1.2,0.5,2.8,1.4,8.2
Chris Clemons,33,0,8.8,1.7-4.3,40.1,1.1-3.2,34.6,0.3-0.3,90.9,0.1,0.8,0.9,0.8,0.2,0.3,0.8,0.6,4.9
DeMarcus Cousins,565,543,32.0,7.6-16.5,46.1,0.6-1.8,33.2,5.5-7.4,73.7,2.8,8.1,10.9,3.2,1.2,1.4,3.8,3.5,21.2
Michael Frazier,13,0,11.2,0.5-2.2,24.1,0.3-1.8,17.4,0.7-1.1,64.3,0.1,0.7,0.8,0.2,0.0,0.2,1.7,0.4,2.1
Eric Gordon,665,510,32.8,5.6-13.2,42.5,2.3-6.3,37.0,3.0-3.7,81.1,0.4,2.1,2.5,2.9,0.3,0.9,2.0,2.0,16.6
James Harden,833,620,34.3,7.4-16.7,44.3,2.8-7.7,36.3,7.6-8.8,85.8,0.8,4.6,5.3,6.3,0.5,1.6,2.6,3.7,25.2
Danuel House Jr.,126,68,26.2,3.2-7.3,43.9,1.7-4.7,36.9,1.2-1.5,80.2,0.8,3.1,3.8,1.2,0.4,0.8,1.9,0.8,9.4
William Howard,2,0,6.5,0.0-2.0,0.0,0.0-2.0,0.0,0.0-0.0,0.0,0.0,1.0,1.0,0.5,0.0,0.0,0.5,0.5,0.0
Luc Mbah a Moute,689,452,23.3,2.4-5.4,45.4,0.3-0.9,33.4,1.2-1.8,65.9,1.4,2.7,4.1,0.9,0.4,0.9,1.8,0.9,6.4
Ben McLemore,439,257,23.6,3.2-7.7,42.1,1.4-3.9,36.6,1.1-1.5,77.9,0.4,2.0,2.4,1.1,0.2,0.7,2.2,1.2,9.0
David Nwaba,161,37,20.5,2.6-5.2,49.2,0.3-1.0,34.4,1.5-2.2,66.1,1.0,2.7,3.7,1.1,0.4,0.7,2.1,0.8,6.9
Thabo Sefolosha,869,475,21.9,2.2-4.9,44.9,0.6-1.7,34.9,0.7-1.0,73.2,0.7,3.0,3.7,1.4,0.4,1.1,1.6,0.9,5.7
P.J. Tucker,654,478,29.3,2.7-6.3,42.1,1.1-2.9,36.1,1.0-1.3,74.8,1.6,4.2,5.8,1.4,0.3,1.2,2.5,1.0,7.3
John Wall,573,561,35.9,6.9-15.9,43.3,0.9-2.9,32.4,4.3-5.5,78.1,0.6,3.8,4.3,9.2,0.7,1.7,2.2,3.8,19.0
Christian Wood,113,14,16.2,3.4-6.2,54.6,0.6-1.6,36.8,2.2-3.0,73.4,1.3,3.5,4.8,0.6,0.7,0.4,1.2,1.0,9.5
Grayson Allen,76,2,14.9,2.4-5.6,42.9,1.2-3.2,37.1,1.1-1.4,80.0,0.1,1.3,1.4,1.0,0.1,0.2,1.3,0.9,7.1
Kyle Anderson,367,168,19.7,2.2-4.5,48.8,0.2-0.7,31.1,0.8-1.2,69.9,0.7,3.3,4.0,2.0,0.5,1.0,1.4,0.9,5.4
Dillon Brooks,173,147,27.7,4.8-11.3,42.0,1.5-4.1,35.8,1.8-2.3,77.7,0.7,2.3,3.1,1.7,0.3,0.8,3.2,1.5,12.8
Brandon Clarke,58,4,22.4,5.1-8.3,61.8,0.4-1.1,35.9,1.5-1.9,75.9,1.6,4.4,5.9,1.4,0.8,0.6,1.7,0.9,12.1
Gorgui Dieng,515,204,22.0,3.0-6.0,50.0,0.2-0.7,34.2,1.6-2.1,78.8,1.8,4.3,6.1,1.4,1.0,0.8,2.3,1.2,7.9
Marko Guduric,44,0,11.0,1.4-3.6,39.5,0.6-1.9,30.1,0.5-0.6,92.3,0.3,1.3,1.7,1.0,0.2,0.3,0.8,0.8,3.9
Mario Hezonja,330,69,18.5,2.6-6.2,41.7,0.8-2.5,31.9,0.9-1.2,81.2,0.4,2.7,3.1,1.3,0.2,0.7,1.7,1.1,6.9
Jaren Jackson Jr.,115,113,27.3,5.7-11.7,48.5,1.7-4.4,38.4,2.5-3.3,75.7,1.1,3.5,4.6,1.2,1.5,0.8,3.9,1.7,15.5
Tyus Jones,312,40,18.0,2.1-4.9,43.1,0.6-1.6,34.5,0.7-0.9,80.3,0.2,1.3,1.5,3.6,0.1,1.0,1.0,0.7,5.6
John Konchar,19,0,9.5,1.3-1.9,64.9,0.3-0.5,50.0,0.1-0.1,50.0,0.9,1.5,2.5,1.2,0.2,0.4,0.4,0.4,2.8
De'Anthony Melton,110,39,19.6,2.4-6.0,39.7,0.6-2.1,29.4,1.0-1.4,76.5,0.6,2.6,3.2,3.0,0.4,1.3,2.0,1.4,6.4
Ja Morant,67,67,31.0,6.7-14.0,47.7,0.9-2.7,33.5,3.6-4.6,77.6,0.8,3.1,3.9,7.3,0.3,0.9,1.6,3.3,17.8
Jonas Valanciunas,559,531,25.3,4.9-8.8,56.2,0.1-0.4,35.5,2.4-3.1,78.1,2.6,6.2,8.9,0.9,1.0,0.4,2.8,1.5,12.4
Justise Winslow,241,105,28.4,3.6-8.5,41.7,0.8-2.3,33.7,1.2-1.8,64.6,1.0,4.3,5.4,2.7,0.4,0.9,2.5,1.5,9.0
Steven Adams,530,466,26.8,4.1-6.9,58.9,0.0-0.0,10.0,1.7-3.0,55.7,3.4,4.2,7.6,1.2,1.0,0.9,2.6,1.4,9.8
Nickeil Alexander-Walker,47,1,12.6,2.1-5.7,36.8,1.0-2.8,34.6,0.5-0.8,67.6,0.2,1.6,1.8,1.9,0.2,0.4,1.2,1.1,5.7
Rawle Alkins,10,1,12.0,1.3-3.9,33.3,0.3-1.2,25.0,0.8-1.2,66.7,1.1,1.5,2.6,1.3,0.0,0.1,0.7,0.8,3.7
Lonzo Ball,162,149,32.3,4.1-10.5,39.0,1.9-5.7,34.1,0.6-1.2,48.7,1.2,4.9,6.1,6.6,0.6,1.5,2.2,2.7,10.7
Eric Bledsoe,631,469,27.8,5.0-11.0,45.7,1.1-3.2,33.6,3.0-3.8,79.3,0.8,3.2,4.0,4.8,0.5,1.4,2.1,2.6,14.2
Wenyen Gabriel,30,1,7.8,0.7-1.6,43.8,0.2-0.7,30.0,0.5-0.7,68.2,0.7,1.0,1.7,0.3,0.2,0.4,1.3,0.5,2.1
Josh Hart,195,61,25.3,3.0-7.0,43.0,1.5-4.2,35.3,1.1-1.5,71.3,0.7,4.1,4.8,1.4,0.4,0.9,2.1,0.9,8.6
Jaxson Hayes,64,14,16.9,2.7-4.0,67.2,0.0-0.1,25.0,1.9-3.0,64.7,1.5,2.5,4.0,0.9,0.9,0.4,2.5,0.8,7.4
Brandon Ingram,252,213,32.2,6.0-13.0,45.9,1.1-3.1,36.0,3.3-4.6,72.2,0.8,4.2,5.1,3.2,0.6,0.7,2.6,2.3,16.3
Nicolo Melli,60,8,17.4,2.3-5.4,42.1,1.2-3.4,33.5,0.9-1.2,74.0,0.6,2.4,3.0,1.4,0.4,0.6,2.1,0.8,6.6
E'Twaun Moore,571,190,21.3,3.3-7.2,45.5,1.0-2.4,39.0,0.6-0.8,73.8,0.5,1.6,2.0,1.8,0.2,0.7,1.6,0.9,8.1
JJ Redick,896,488,25.9,4.4-9.7,44.8,2.1-5.1,41.6,2.2-2.5,89.1,0.2,1.9,2.1,2.0,0.1,0.5,1.5,1.1,13.1
Sindarius Thornwell,139,17,10.8,0.9-2.1,42.0,0.2-0.6,35.0,0.6-0.9,68.3,0.3,1.1,1.4,0.6,0.2,0.5,1.2,0.5,2.6
Zion Williamson,24,24,27.8,8.8-15.0,58.3,0.3-0.6,42.9,4.8-7.4,64.0,2.7,3.6,6.3,2.1,0.4,0.7,1.8,2.5,22.5
LaMarcus Aldridge,1003,962,34.4,7.9-16.1,49.1,0.2-0.6,31.2,3.6-4.4,81.1,2.7,5.7,8.3,2.0,1.1,0.7,2.5,1.6,19.5
Keita Bates-Diop,74,3,16.9,2.2-5.1,42.6,0.6-2.1,30.3,1.0-1.4,69.9,0.6,2.3,2.8,0.6,0.5,0.5,1.0,0.4,5.9
DeMar DeRozan,820,808,34.1,7.2-15.7,45.8,0.4-1.5,28.2,5.2-6.3,82.9,0.7,3.6,4.4,3.6,0.3,1.0,2.3,2.1,20.0
Drew Eubanks,45,3,8.6,1.3-2.1,62.4,0.0-0.0,100.0,0.7-0.9,79.5,0.8,1.9,2.6,0.5,0.5,0.2,1.1,0.6,3.3
Rudy Gay,946,776,33.1,6.5-14.2,45.6,1.0-3.0,34.7,3.1-3.9,79.9,1.4,4.5,5.9,2.2,0.8,1.2,2.4,2.2,17.1
Keldon Johnson,17,1,17.7,3.1-5.2,59.6,0.8-1.3,59.1,2.1-2.6,79.5,0.6,2.8,3.4,0.9,0.1,0.8,1.6,0.8,9.1
Trey Lyles,351,94,18.0,2.8-6.4,43.3,0.9-2.6,34.1,0.9-1.3,70.8,0.8,3.5,4.2,1.1,0.4,0.4,1.5,0.8,7.4
Patty Mills,671,56,19.3,3.1-7.3,43.1,1.6-4.1,38.9,0.9-1.0,85.2,0.3,1.4,1.7,2.3,0.1,0.7,1.3,1.0,8.7
Dejounte Murray,185,114,20.3,3.3-7.4,45.1,0.3-0.9,35.1,1.2-1.6,74.3,1.0,3.8,4.8,3.0,0.3,1.2,1.7,1.6,8.1
Jakob Poeltl,279,46,16.5,2.4-3.8,63.8,0.0-0.0,50.0,0.6-1.2,53.6,2.0,2.8,4.8,1.0,1.0,0.4,2.1,0.8,5.5
Cameron Reynolds,19,0,13.6,1.7-4.1,42.3,1.1-2.7,41.2,0.4-0.5,88.9,0.2,1.4,1.6,0.7,0.1,0.3,1.4,0.3,5.0
Luka Samanic,3,1,16.0,1.7-5.3,31.3,1.0-2.7,37.5,1.0-1.3,75.0,0.3,3.0,3.3,2.0,0.7,0.0,2.0,0.7,5.3
Lonnie Walker IV,78,12,14.2,2.2-5.2,41.7,0.6-1.5,40.4,0.7-0.9,73.2,0.3,1.7,2.0,1.0,0.2,0.5,1.1,0.6,5.6
Quinndary Weatherspoon,11,0,7.1,0.5-1.5,29.4,0.1-0.5,20.0,0.1-0.2,50.0,0.1,0.5,0.6,1.0,0.1,0.3,0.7,0.5,1.1
Derrick White,152,75,23.3,3.5-7.4,46.9,0.9-2.4,36.4,1.9-2.3,81.6,0.5,2.8,3.3,3.4,0.7,0.8,2.0,1.3,9.8
Tyler Zeller,414,166,17.5,2.8-5.5,50.8,0.0-0.1,28.6,1.3-1.7,76.4,1.5,2.9,4.4,0.9,0.6,0.3,2.2,0.8,6.9
